setting,model,revision,requests,dataset_sha256,events_sha256,log_auc_pct,untimed_accuracy_pct,latency_p50_s,latency_p95_s,failed_attempts,live_debugging_log_auc_pct,presenter_voice_control_log_auc_pct,procedural_coaching_log_auc_pct,support_call_assist_log_auc_pct
laya-english,convaiinnovations/laya,55cf4c4ebb4ebe31b2550e8bdf3bd21b99753851,480,fdfdd55d0f304cfdd63a283ad073755750fb934d093309034d3051a5c6b7e1af,29ce3ac1e42f89b8be66e1338680c5a5931ff0f1ddf82858991bbb9bc93de9c7,0.41664564018469785,0.4166666666666667,0.14447122509591281,0.255090915155597,0,0.0,0.0,0.0,1.6665825607387914
laya-typed-decisions,convaiinnovations/laya-typed-decisions,1a793eb568e6718f15941d08f85432581df534e3,480,fdfdd55d0f304cfdd63a283ad073755750fb934d093309034d3051a5c6b7e1af,bf1dd55461bf16bffdecffae73dd70e47ad9fb2ad3a499de6acce7933bbefaec,1.4583394331115873,1.4583333333333333,0.14246823056600988,0.2525226715952158,0,0.0,4.1666967516928155,0.0,1.6666609807535342
laya-multilingual,convaiinnovations/laya-multilingual,e4e9ddf21a7b1903b7acffd8814ad4307bf63a67,480,fdfdd55d0f304cfdd63a283ad073755750fb934d093309034d3051a5c6b7e1af,58cf9d7ba2232af0ff521fcb5a6fa14c724f07adecda764b9ecfd1e32cd52c08,0.20878437011763226,0.20833333333333334,0.08458319562487304,0.15401480335276568,0,0.0,0.0,0.835137480470529,0.0
djev-diffusiongemma,dgemma,f7f5b7f5fa82ffc52addd066915886d497f5517b,480,fdfdd55d0f304cfdd63a283ad073755750fb934d093309034d3051a5c6b7e1af,0d22bf2488ac31796d0581c9ab68f0750a3e0f957c3b95fda0bddadb76534026,21.19286777768388,23.333333333333332,0.5389614701271057,0.6456279990728943,0,26.762331705465332,25.27563243408993,6.5899489177866,26.14355805339366
kev-4b,jaredpalmer/kev-4b,139fdd94f1b6a6ad80cc15e08fcb99cac885a101,480,fdfdd55d0f304cfdd63a283ad073755750fb934d093309034d3051a5c6b7e1af,39d37e9419956e3128f06b3c353b605fb51fdb77dc5859593e7dab3ad9748b33,21.23097578534002,22.083333333333332,0.21748782298527658,0.3336259419796988,0,17.211929253745716,18.1576681939122,12.790237534029252,36.76406815967292
kev-9b,jaredpalmer/kev-9b,b5d8c18e44c60888d138b65cb6507ff0a5a448a0,480,fdfdd55d0f304cfdd63a283ad073755750fb934d093309034d3051a5c6b7e1af,b65ce5c0ef914756b065c3ea2898e7095a5078329144a38bb7b3e656fa77b825,28.574006032216904,29.583333333333332,0.22722005494870245,0.3624354291707277,0,15.085962018978606,31.008425896056757,28.001921140446818,40.199715073385434
kev-27b,jaredpalmer/kev-27b,ef78cc8a34d5f426fb229c52089db189218cfe5c,480,fdfdd55d0f304cfdd63a283ad073755750fb934d093309034d3051a5c6b7e1af,ca58d088780910956071d082d542e84b5d233ffd2aafc47f3c1b1d6614c74d03,62.30381562922954,72.70833333333333,0.5228768079541624,0.8926434574415907,0,44.47088360096196,66.57597555421032,66.0451558395392,72.1232475222067
nimble-9b,bespokelabs/Bespoke-Nimble-9B,bd792f44ec8e265be861bfcdf4e05967ffe0e858,480,fdfdd55d0f304cfdd63a283ad073755750fb934d093309034d3051a5c6b7e1af,e231f1fec27aa660dab6243e854cd74a177d26006a359e85f1527c904ae998fa,15.212961746545858,22.291666666666664,1.541788486065343,5.77987302711699,0,0.09825585542149945,22.38382827586527,13.816435743247323,24.553327111649345
semif-qwen35-4b,Qwen/Qwen3.5-4B,851bf6e806efd8d0a36b00ddf55e13ccb7b8cd0a,480,fdfdd55d0f304cfdd63a283ad073755750fb934d093309034d3051a5c6b7e1af,1475d73bff8f4096fcba0c4ec9f2d720bcf0914f196d01e5803ee8a1ea3744b7,15.70130316597284,17.708333333333336,0.7678979290649295,1.279713334771804,0,0.0,22.744652693919893,12.482283168495286,27.578276801476186
