model,setting,pass,log_auc_pct,untimed_pct,p50_s,p95_s,failed_attempts
vllm-sr/Decision-2.0-Kai-0.6B,kai-06b,1,3.628186202260099,3.75,0.20086876198183745,0.3400491425069049,0
vllm-sr/Decision-2.0-Eos-0.8B,eos-08b,1,5.022984809132893,5.208333333333334,0.30481784051517025,0.4500817104068119,0
vllm-sr/Decision-2.0-Sol-2B,sol-2b,1,3.591655250677644,3.5416666666666665,0.4026226485148072,0.5762106468959246,0
vllm-sr/Decision-2.0-Nox-4B,nox-4b,1,15.851216171680171,18.333333333333336,0.9361102245748043,1.346832690242445,0
vllm-sr/Decision-2.0-Lux-9B,lux-9b,1,24.38882576542867,29.583333333333332,1.2007035920396447,1.7313709428126458,0
vllm-sr/Decision-2.0-Vega-27B,vega-27b,1,7.473188333150568,68.54166666666667,53.06677709001815,174.27459333643782,0
vllm-sr/Decision-2.0-Kai-0.6B,kai-06b,2,3.6291001851165063,3.75,0.19495142251253128,0.33924288011039605,0
vllm-sr/Decision-2.0-Eos-0.8B,eos-08b,2,5.023300126706518,5.208333333333334,0.3079052724642679,0.4568852680909913,0
vllm-sr/Decision-2.0-Sol-2B,sol-2b,2,3.593334388587573,3.5416666666666665,0.40413810953032225,0.5806488628149963,0
vllm-sr/Decision-2.0-Nox-4B,nox-4b,2,15.855020635732664,18.333333333333336,0.9354868300142698,1.3450142719550058,0
vllm-sr/Decision-2.0-Lux-9B,lux-9b,2,24.38708391132393,29.583333333333332,1.1997049880446866,1.7284155796340201,0
vllm-sr/Decision-2.0-Vega-27B,vega-27b,2,7.4756403238634626,68.54166666666667,52.95208357449155,174.00223094599204,0
vllm-sr/Decision-2.0-Kai-0.6B,kai-06b,3,3.6287383037411933,3.75,0.19884929154068232,0.339817650715122,0
vllm-sr/Decision-2.0-Eos-0.8B,eos-08b,3,5.0216247674044405,5.208333333333334,0.3071965710259974,0.452887740987353,0
vllm-sr/Decision-2.0-Sol-2B,sol-2b,3,3.592082497107138,3.5416666666666665,0.4040256894659251,0.5895815674448386,0
vllm-sr/Decision-2.0-Nox-4B,nox-4b,3,15.843471897828518,18.333333333333336,0.9371727465186268,1.3577314188005403,0
vllm-sr/Decision-2.0-Lux-9B,lux-9b,3,24.369242142102646,29.583333333333332,1.2039144095033407,1.7330455357092434,0
vllm-sr/Decision-2.0-Vega-27B,vega-27b,3,7.47207157070319,68.54166666666667,53.0401422540308,174.17181811467745,0
